"store","websites","attribute_set","type","category_ids","sku","has_options","name","meta_title","meta_description","image","small_image","thumbnail","url_key","url_path","custom_design","page_layout","options_container","image_label","small_image_label","thumbnail_label","country_of_manufacture","msrp_enabled","msrp_display_actual_price_type","gift_message_available","price","special_price","weight","msrp","status","is_recurring","visibility","enable_googlecheckout","tax_class_id","description","short_description","meta_keyword","custom_layout_update","special_from_date","special_to_date","news_from_date","news_to_date","custom_design_from","custom_design_to","qty","min_qty","use_config_min_qty","is_qty_decimal","backorders","use_config_backorders","min_sale_qty","use_config_min_sale_qty","max_sale_qty","use_config_max_sale_qty","is_in_stock","low_stock_date","notify_stock_qty","use_config_notify_stock_qty","manage_stock","use_config_manage_stock","stock_status_changed_auto","use_config_qty_increments","qty_increments","use_config_enable_qty_inc","enable_qty_increments","is_decimal_divided","stock_status_changed_automatically","use_config_enable_qty_increments","product_name","store_id","product_type_id","product_status_changed","product_changed_websites","adurl"
"admin","base","Default","simple","3,4","2986685","0","Боди","","","/9/b/9b5562c0-240650_7.jpg","/9/b/9b5562c0-240650_7.jpg","/9/b/9b5562c0-240650_7.jpg","bodi","bodi.html","","No layout updates","Product Info Column","","",""," ","Use config","Use config","No","999.0000","","1.0000","","Enabled","No","Catalog, Search","Yes","None","Боди. С длинными рукавами. Трикотаж с моделирующим эффектом. Не выделяется под одеждой. На кнопках внизу.","","","","","","","","","","1.0000","0.0000","1","0","0","1","1.0000","1","0.0000","1","1","","0.0000","1","0","0","0","1","0.0000","1","0","0","0","1","Боди","0","simple","","",""
"admin","base","Default","simple","","7181090","0","Спортивный бюстгальтер, 2 штуки PETITE FLEUR","","","/5/6/56371259-235099.jpg","/5/6/56371259-235099.jpg","/5/6/56371259-235099.jpg","sportivnyj-bjustgal-ter-2-shtuki-petite-fleur","sportivnyj-bjustgal-ter-2-shtuki-petite-fleur.html","","No layout updates","","","","","","","Use config","No","999.0000","","1.0000","","Enabled","No","Catalog, Search","Yes","None","Спортивный бюстгальтер, 2 штуки, от PETITE FLEUR. Эластичный материал. Практичная модель без застежек.","","","","","","","","","","1.0000","0.0000","1","0","0","1","1.0000","1","0.0000","1","0","","0.0000","1","0","0","0","1","0.0000","1","0","0","0","1","Спортивный бюстгальтер, 2 штуки PETITE FLEUR","0","simple","","",""
"admin","base","Default","simple","3,10","7181279","0","Стринги, 3 штуки Early 20","","","/d/1/d195e2d1-235520.jpg","/d/1/d195e2d1-235520.jpg","/d/1/d195e2d1-235520.jpg","stringi-3-shtuki-early-20","stringi-3-shtuki-early-20.html","","No layout updates","","","","","","","Use config","No","399.0000","","1.0000","","Enabled","No","Catalog, Search","Yes","None","Стринги, 3 штуки. Из прозрачного тюля с рисунком в виде маленьких сердечек. Оригинальные колечки спереди.","","","","","","","","","","1.0000","0.0000","1","0","0","1","1.0000","1","0.0000","1","0","","0.0000","1","0","0","0","1","0.0000","1","0","0","0","1","Стринги, 3 штуки Early 20","0","simple","","",""
"admin","base","Default","simple","3,5","7181424","0","Формирующие трусики Lascana","","","/7/f/7f1b1dce-235843.jpg","/7/f/7f1b1dce-235843.jpg","/7/f/7f1b1dce-235843.jpg","formirujuschie-trusiki-lascana","formirujuschie-trusiki-lascana.html","","No layout updates","","","","","","","Use config","No","899.0000","","1.0000","","Enabled","No","Catalog, Search","Yes","None","Трусики LASCANA. Благодаря инновационной технике эта эксклюзивная модель визуально формирует область ягодиц. Мягкие вставки сзади выглядят абсолютно естественно. Заниженная талия позволяет носить трусики с любыми брюками. Ручная стирка.","","","","","","","","","","1.0000","0.0000","1","0","0","1","1.0000","1","0.0000","1","0","","0.0000","1","0","0","0","1","0.0000","1","0","0","0","1","Формирующие трусики Lascana","0","simple","","",""
"admin","base","Default","simple","3,6","7181489","0","Бюстгальтер Push-up, 2 штуки PETITE FLEUR","","","/f/a/fa71a433-235995.jpg","/f/a/fa71a433-235995.jpg","/f/a/fa71a433-235995.jpg","bjustgal-ter-push-up-2-shtuki-petite-fleur","bjustgal-ter-push-up-2-shtuki-petite-fleur.html","","No layout updates","","","","","","","Use config","No","1199.0000","","1.0000","","Enabled","No","Catalog, Search","Yes","None","Бюстгальтер Push-up, 2 штуки. С мягкими чашечками. 1x голубой + 1x белый или 1x белый + 1x черный. С изысканной окантовкой из рюша на чашечках и бретелях. Бретели и застежка сзади регулируются.","","","","","","","","","","1.0000","0.0000","1","0","0","1","1.0000","1","0.0000","1","0","","0.0000","1","0","0","0","1","0.0000","1","0","0","0","1","Бюстгальтер Push-up, 2 штуки PETITE FLEUR","0","simple","","",""
"admin","base","Default","simple","3,4","7181506","0","Кофточка, 2 штуки H.I.S.","","","/0/a/0a0006ac-236032.jpg","/0/a/0a0006ac-236032.jpg","/0/a/0a0006ac-236032.jpg","koftochka-2-shtuki-h-i-s","koftochka-2-shtuki-h-i-s.html","","No layout updates","","","","","","","Use config","No","999.0000","","1.0000","","Enabled","No","Catalog, Search","Yes","None","Кофточка, 2 штуки. С длинными рукавами. 2 модели в тонкий или двойной рубчик. Красивый круглый вырез с небольшой планкой с пуговицами спереди. Слегка приталенный покрой. Длина ок. 64 см. Машинная стирка. Тонкий рубчик: арт.549825 арт.490522 арт.647480 арт.549534 Двойной рубчик: арт.449984 арт.549891 арт.718598 арт.549856","","","","","","","","","","1.0000","0.0000","1","0","0","1","1.0000","1","0.0000","1","0","","0.0000","1","0","0","0","1","0.0000","1","0","0","0","1","Кофточка, 2 штуки H.I.S.","0","simple","","",""
"admin","base","Default","simple","3,5","7181627","0","Трусики, 4 штуки Schiesser","","","/3/5/35d602c0-236293.jpg","/3/5/35d602c0-236293.jpg","/3/5/35d602c0-236293.jpg","trusiki-4-shtuki-schiesser","trusiki-4-shtuki-schiesser.html","","No layout updates","","","","","","","Use config","No","1499.0000","","1.0000","","Enabled","No","Catalog, Search","Yes","None","Трусики, 4 штуки. SCHIESSER. В тонкий рубчик.","","","","","","","","","","1.0000","0.0000","1","0","0","1","1.0000","1","0.0000","1","0","","0.0000","1","0","0","0","1","0.0000","1","0","0","0","1","Трусики, 4 штуки Schiesser","0","simple","","",""
"admin","base","Default","simple","3,5","7181692","0","Стринги Lascana","","","/f/0/f0fac1a4-236427.jpg","/f/0/f0fac1a4-236427.jpg","/f/0/f0fac1a4-236427.jpg","stringi-lascana","stringi-lascana.html","","No layout updates","","","","","","","Use config","No","799.0000","","1.0000","","Enabled","No","Catalog, Search","Yes","None","Стринги LASCANA. Нежный прозрачный материал. На поясе тонкое кружево.","","","","","","","","","","1.0000","0.0000","1","0","0","1","1.0000","1","0.0000","1","0","","0.0000","1","0","0","0","1","0.0000","1","0","0","0","1","Стринги Lascana","0","simple","","",""
"admin","base","Default","simple","3,10","7181754","0","Стринги, 5 штук PETITE FLEUR","","","/3/b/3b5927f3-236546.jpg","/3/b/3b5927f3-236546.jpg","/3/b/3b5927f3-236546.jpg","stringi-5-shtuk-petite-fleur","stringi-5-shtuk-petite-fleur.html","","No layout updates","","","","","","","Use config","No","799.0000","","1.0000","","Enabled","No","Catalog, Search","Yes","None","Стринги из пике, 5 штук. Суперэластичный материал. Машинная стирка.","","","","","","","","","","1.0000","0.0000","1","0","0","1","1.0000","1","0.0000","1","0","","0.0000","1","0","0","0","1","0.0000","1","0","0","0","1","Стринги, 5 штук PETITE FLEUR","0","simple","","",""
"admin","base","Default","simple","","7182260","0","Трусики Lascana","","","/a/d/ad9af5bb-237917.jpg","/a/d/ad9af5bb-237917.jpg","/a/d/ad9af5bb-237917.jpg","trusiki-lascana","trusiki-lascana.html","","No layout updates","","","","","","","Use config","No","899.0000","","1.0000","","Enabled","No","Catalog, Search","Yes","None","Трусики Lascana. Отделка красивой кружевной лентой.","","","","","","","","","","1.0000","0.0000","1","0","0","1","1.0000","1","0.0000","1","0","","0.0000","1","0","0","0","1","0.0000","1","0","0","0","1","Трусики Lascana","0","simple","","",""
"admin","base","Default","simple","","7182487","0","Бюстгальтер на косточках Lascana","","","/4/9/49379d0f-238385.jpg","/4/9/49379d0f-238385.jpg","/4/9/49379d0f-238385.jpg","bjustgal-ter-na-kostochkah-lascana","bjustgal-ter-na-kostochkah-lascana.html","","No layout updates","","","","","","","Use config","No","1199.0000","","1.0000","","Enabled","No","Catalog, Search","Yes","None","Бюстгальтер на косточках Lascana. Чашечки и бретели отделаны вышитым кружевом. Отлично поддерживает грудь благодаря чашечкам на легкой подкладке.","","","","","","","","","","1.0000","0.0000","1","0","0","1","1.0000","1","0.0000","1","0","","0.0000","1","0","0","0","1","0.0000","1","0","0","0","1","Бюстгальтер на косточках Lascana","0","simple","","",""
"admin","base","Default","simple","3,10","7182586","0","Ночная сорочка, 2 штуки VIVANCE","","","/e/2/e2f09113-238561.jpg","/e/2/e2f09113-238561.jpg","/e/2/e2f09113-238561.jpg","nochnaja-sorochka-2-shtuki-vivance","nochnaja-sorochka-2-shtuki-vivance.html","","No layout updates","","","","","","","Use config","No","899.0000","","1.0000","","Enabled","No","Catalog, Search","Yes","None","Ночная сорочка, 2 штуки, от VIVANCE. Короткие рукава, V-образный вырез и рисунок в горох.","","","","","","","","","","1.0000","0.0000","1","0","0","1","1.0000","1","0.0000","1","0","","0.0000","1","0","0","0","1","0.0000","1","0","0","0","1","Ночная сорочка, 2 штуки VIVANCE","0","simple","","",""
"admin","base","Default","simple","","7182662","0","Бюстгальтер с мягкими чашечками Lascana","","","/8/4/84d5dca8-238699.jpg","/8/4/84d5dca8-238699.jpg","/8/4/84d5dca8-238699.jpg","bjustgal-ter-s-mjagkimi-chashechkami-lascana","bjustgal-ter-s-mjagkimi-chashechkami-lascana.html","","No layout updates","","","","","","","Use config","No","1499.0000","","1.0000","","Enabled","No","Catalog, Search","Yes","None","Бюстгальтер с мягкими чашечками. Lascana. Формирующие косточки. Бретели с красивым вышитым кружевом.","","","","","","","","","","1.0000","0.0000","1","0","0","1","1.0000","1","0.0000","1","0","","0.0000","1","0","0","0","1","0.0000","1","0","0","0","1","Бюстгальтер с мягкими чашечками Lascana","0","simple","","",""
"admin","base","Default","simple","3,11","7182694","0","Формирующие трусики Hessnatur","","","/f/5/f535cf5f-238797.jpg","/f/5/f535cf5f-238797.jpg","/f/5/f535cf5f-238797.jpg","formirujuschie-trusiki-hessnatur","formirujuschie-trusiki-hessnatur.html","","No layout updates","","","","","","","Use config","No","1999.0000","","1.0000","","Enabled","No","Catalog, Search","Yes","None","Формирующие трусики. LULEH. Элегантная модель. Спереди кружевная вставка в стиле ретро.","","","","","","","","","","1.0000","0.0000","1","0","0","1","1.0000","1","0.0000","1","0","","0.0000","1","0","0","0","1","0.0000","1","0","0","0","1","Формирующие трусики Hessnatur","0","simple","","",""
"admin","base","Default","simple","3,10","7182712","0","Бюстгальтер без косточек, 2 штуки PETITE FLEUR","","","/e/e/eea08341-238838.jpg","/e/e/eea08341-238838.jpg","/e/e/eea08341-238838.jpg","bjustgal-ter-bez-kostochek-2-shtuki-petite-fleur","bjustgal-ter-bez-kostochek-2-shtuki-petite-fleur.html","","No layout updates","","","","","","","Use config","No","999.0000","","1.0000","","Enabled","No","Catalog, Search","Yes","None","Бюстгальтер без косточек, 2 штуки. PETITE FLEUR. Бретели и застежка сзади регулируются.","","","","","","","","","","1.0000","0.0000","1","0","0","1","1.0000","1","0.0000","1","0","","0.0000","1","0","0","0","1","0.0000","1","0","0","0","1","Бюстгальтер без косточек, 2 штуки PETITE FLEUR","0","simple","","",""
"admin","base","Default","simple","3,11","7182807","0","Формирующие трусики Lytess","","","/c/3/c34755b7-239103.jpg","/c/3/c34755b7-239103.jpg","/c/3/c34755b7-239103.jpg","formirujuschie-trusiki-lytess","formirujuschie-trusiki-lytess.html","","No layout updates","","","","","","","Use config","No","2199.0000","","1.0000","","Enabled","No","Catalog, Search","Yes","None","Формирующие трусики. Моделируют область живота, талию и бедра. Обхват талии на 10 см меньше!","","","","","","","","","","1.0000","0.0000","1","0","0","1","1.0000","1","0.0000","1","0","","0.0000","1","0","0","0","1","0.0000","1","0","0","0","1","Формирующие трусики Lytess","0","simple","","",""
"admin","base","Default","simple","","7183220","0","Боди","","","/2/a/2ab75f0f-240025.jpg","/2/a/2ab75f0f-240025.jpg","/2/a/2ab75f0f-240025.jpg","bodi","bodi-53.html","","No layout updates","","","","","","","Use config","No","699.0000","","1.0000","","Enabled","No","Catalog, Search","Yes","None","Боди. Круглый вырез. Внизу на пуговицах.","","","","","","","","","","1.0000","0.0000","1","0","0","1","1.0000","1","0.0000","1","0","","0.0000","1","0","0","0","1","0.0000","1","0","0","0","1","Боди","0","simple","","",""
"admin","base","Default","simple","3,5","7189765","0","Трусики","","","/7/f/7f43b594-251923.jpg","/7/f/7f43b594-251923.jpg","/7/f/7f43b594-251923.jpg","trusiki","trusiki.html","","No layout updates","","","","","","","Use config","No","349.3000","","1.0000","","Enabled","No","Catalog, Search","Yes","None","Трусики. Спереди украшены высококачественной вышивкой.","","","","","","","","","","1.0000","0.0000","1","0","0","1","1.0000","1","0.0000","1","0","","0.0000","1","0","0","0","1","0.0000","1","0","0","0","1","Трусики","0","simple","","",""
"admin","base","Default","simple","3,5","7189878","0","Шортики, 2 штуки","","","/8/f/8f3ee507-252059.jpg","/8/f/8f3ee507-252059.jpg","/8/f/8f3ee507-252059.jpg","shortiki-2-shtuki","shortiki-2-shtuki.html","","No layout updates","","","","","","","Use config","No","699.0000","","1.0000","","Enabled","No","Catalog, Search","Yes","None","Шортики, 2 штуки. Удобный эластичный материал и разрезы сбоку. В наборе: 1х синий + 1х в клетку.","","","","","","","","","","1.0000","0.0000","1","0","0","1","1.0000","1","0.0000","1","0","","0.0000","1","0","0","0","1","0.0000","1","0","0","0","1","Шортики, 2 штуки","0","simple","","",""
"admin","base","Default","simple","3,5","7190116","0","Трусики","","","/b/e/be3dad3f-252335.jpg","/b/e/be3dad3f-252335.jpg","/b/e/be3dad3f-252335.jpg","trusiki","trusiki-109.html","","No layout updates","","","","","","","Use config","No","499.0000","","1.0000","","Enabled","No","Catalog, Search","Yes","None","Трусики. Спереди украшены контрастной полоской, сзади гладкий материал. Проймы с отстрочкой.","","","","","","","","","","1.0000","0.0000","1","0","0","1","1.0000","1","0.0000","1","0","","0.0000","1","0","0","0","1","0.0000","1","0","0","0","1","Трусики","0","simple","","",""
"admin","base","Default","simple","3,5","7190174","0","Трусики","","","/5/2/529365f0-252399.jpg","/5/2/529365f0-252399.jpg","/5/2/529365f0-252399.jpg","trusiki","trusiki-110.html","","No layout updates","","","","","","","Use config","No","599.0000","","1.0000","","Enabled","No","Catalog, Search","Yes","None","Трусики. По бокам вставки из сеточки с аппликациями. Эластичный пояс украшен тонкими рюшами. Сзади плотный материал.","","","","","","","","","","1.0000","0.0000","1","0","0","1","1.0000","1","0.0000","1","0","","0.0000","1","0","0","0","1","0.0000","1","0","0","0","1","Трусики","0","simple","","",""
"admin","base","Default","simple","3,9","7191328","0","Носки, 5 пар","","","/d/a/da249339-253722.jpg","/d/a/da249339-253722.jpg","/d/a/da249339-253722.jpg","noski-5-par","noski-5-par.html","","No layout updates","","","","","","","Use config","No","299.0000","","1.0000","","Enabled","No","Catalog, Search","Yes","None","Носки, 5 пар. H.I.S. Также в выгодной упаковке по 10 пар. Укороченный покрой. Красивая базовая модель. С логотипом H.I.S.","","","","","","","","","","1.0000","0.0000","1","0","0","1","1.0000","1","0.0000","1","0","","0.0000","1","0","0","0","1","0.0000","1","0","0","0","1","Носки, 5 пар","0","simple","","",""
"admin","base","Default","simple","3,6","7191413","0","Бюстгальтер Push-up Lascana","","","/4/9/49e39ea9-253822.jpg","/4/9/49e39ea9-253822.jpg","/4/9/49e39ea9-253822.jpg","bjustgal-ter-push-up-lascana","bjustgal-ter-push-up-lascana.html","","No layout updates","","","","","","","Use config","No","1299.0000","","1.0000","","Enabled","No","Catalog, Search","Yes","None","Бюстгальтер Push-up. Вшитые подушечки для великолепного декольте. Бесшовные чашечки. Красивое жаккардовое кружево по бокам и на спинке. Спереди украшен стразом.","","","","","","","","","","1.0000","0.0000","1","0","0","1","1.0000","1","0.0000","1","0","","0.0000","1","0","0","0","1","0.0000","1","0","0","0","1","Бюстгальтер Push-up Lascana","0","simple","","",""
"admin","base","Default","simple","3,6","7191439","0","Бюстгальтер Push-up Lascana","","","/c/a/ca2a1599-253850.jpg","/c/a/ca2a1599-253850.jpg","/c/a/ca2a1599-253850.jpg","bjustgal-ter-push-up-lascana","bjustgal-ter-push-up-lascana-58.html","","No layout updates","","","","","","","Use config","No","1299.0000","","1.0000","","Enabled","No","Catalog, Search","Yes","None","Бюстгальтер Push-up. Чашечки украшены блестящей сатиновой лентой. Отделка стразами слева и между чашечками. Притачные подушечки. Двойные бретели-""спагетти"", небольшой декоративный бантик.","","","","","","","","","","1.0000","0.0000","1","0","0","1","1.0000","1","0.0000","1","0","","0.0000","1","0","0","0","1","0.0000","1","0","0","0","1","Бюстгальтер Push-up Lascana","0","simple","","",""
"admin","base","Default","simple","3,6","7191460","0","Бюстгальтер, 2 штуки PETITE FLEUR","","","/8/9/89beabde-253872.jpg","/8/9/89beabde-253872.jpg","/8/9/89beabde-253872.jpg","bjustgal-ter-2-shtuki-petite-fleur","bjustgal-ter-2-shtuki-petite-fleur.html","","No layout updates","","","","","","","Use config","No","999.0000","","1.0000","","Enabled","No","Catalog, Search","Yes","None","Бюстгальтер, 2 штуки. PETITE FLEUR. 1х темно-розовый + 1х коричневый. Кайма из нежного кружева. Регулируемые бретели и застежка сзади.","","","","","","","","","","1.0000","0.0000","1","0","0","1","1.0000","1","0.0000","1","0","","0.0000","1","0","0","0","1","0.0000","1","0","0","0","1","Бюстгальтер, 2 штуки PETITE FLEUR","0","simple","","",""
"admin","base","Default","simple","3,5","7192505","0","Стринги NUANCE","","","/7/d/7d557c7b-254962.jpg","/7/d/7d557c7b-254962.jpg","/7/d/7d557c7b-254962.jpg","stringi-nuance","stringi-nuance.html","","No layout updates","","","","","","","Use config","No","699.0000","","1.0000","","Enabled","No","Catalog, Search","Yes","None","Стринги. NUANCE. Отлично сочетаются с бюстгальтером из предложения 13. Модная шнуровка сзади. Хлопковая ластовица.","","","","","","","","","","1.0000","0.0000","1","0","0","1","1.0000","1","0.0000","1","0","","0.0000","1","0","0","0","1","0.0000","1","0","0","0","1","Стринги NUANCE","0","simple","","",""
"admin","base","Default","simple","3,9","7192523","0","Подследники, 4 пары","","","/a/4/a42ba1dd-254981.jpg","/a/4/a42ba1dd-254981.jpg","/a/4/a42ba1dd-254981.jpg","podsledniki-4-pary","podsledniki-4-pary.html","","No layout updates","","","","","","","Use config","No","399.0000","","1.0000","","Enabled","No","Catalog, Search","Yes","None","Подследники, 4 пары. EARLY 20.","","","","","","","","","","1.0000","0.0000","1","0","0","1","1.0000","1","0.0000","1","0","","0.0000","1","0","0","0","1","0.0000","1","0","0","0","1","Подследники, 4 пары","0","simple","","",""
"admin","base","Default","simple","3,6","7192847","0","Бюстгальтер","","","/f/2/f289789a-255332.jpg","/f/2/f289789a-255332.jpg","/f/2/f289789a-255332.jpg","bjustgal-ter","bjustgal-ter.html","","No layout updates","","","","","","","Use config","No","1999.0000","","1.0000","","Enabled","No","Catalog, Search","Yes","None","С мягкими чашечками. DESSOUS DESSUS. Двусторонний сатиновый жаккард. Бретели-""спагетти"".","","","","","","","","","","1.0000","0.0000","1","0","0","1","1.0000","1","0.0000","1","0","","0.0000","1","0","0","0","1","0.0000","1","0","0","0","1","Бюстгальтер","0","simple","","",""
"admin","base","Default","simple","3,6","7192995","0","Бюстгальтер","","","/8/1/81c2b91b-255484.jpg","/8/1/81c2b91b-255484.jpg","/8/1/81c2b91b-255484.jpg","bjustgal-ter","bjustgal-ter-92.html","","No layout updates","","","","","","","Use config","No","1699.0000","","1.0000","","Enabled","No","Catalog, Search","Yes","None","DESSOUS DESSUS. Без косточек - очень удобно! Эластичная гелевая окантовка для наилучшей поддержки. Нет металлических деталей. Удобные нескользящие бретели на мягкой подкладке, украшены вышивкой.","","","","","","","","","","1.0000","0.0000","1","0","0","1","1.0000","1","0.0000","1","0","","0.0000","1","0","0","0","1","0.0000","1","0","0","0","1","Бюстгальтер","0","simple","","",""
"admin","base","Default","simple","3,5","7193001","0","Трусики","","","/6/0/60e6ceb0-255491.jpg","/6/0/60e6ceb0-255491.jpg","/6/0/60e6ceb0-255491.jpg","trusiki","trusiki-111.html","","No layout updates","","","","","","","Use config","No","1499.0000","","1.0000","","Enabled","No","Catalog, Search","Yes","None","MEY. Двуцветное кружево спереди. Пояс и проймы с отделкой эластичным рюшем с декоративной отстрочкой. Декоративная подвеска.","","","","","","","","","","1.0000","0.0000","1","0","0","1","1.0000","1","0.0000","1","0","","0.0000","1","0","0","0","1","0.0000","1","0","0","0","1","Трусики","0","simple","","",""
"admin","base","Default","simple","3,11","7193087","0","Бюстгальтер Minimizer LILYETTE","","","/c/f/cfe167b5-255582.jpg","/c/f/cfe167b5-255582.jpg","/c/f/cfe167b5-255582.jpg","bjustgal-ter-minimizer-lilyette","bjustgal-ter-minimizer-lilyette.html","","No layout updates","","","","","","","Use config","No","1899.0000","","1.0000","","Enabled","No","Catalog, Search","Yes","None","MAIDENFORM. Красивый жаккардовый узор. На подкладке. Чашечки на косточках.","","","","","","","","","","1.0000","0.0000","1","0","0","1","1.0000","1","0.0000","1","0","","0.0000","1","0","0","0","1","0.0000","1","0","0","0","1","Бюстгальтер Minimizer LILYETTE","0","simple","","",""
"admin","base","Default","simple","3,6","7193153","0","Бюстгальтер Push-up","","","/5/2/52697c4f-255651.jpg","/5/2/52697c4f-255651.jpg","/5/2/52697c4f-255651.jpg","bjustgal-ter-push-up","bjustgal-ter-push-up.html","","No layout updates","","","","","","","Use config","No","2199.0000","","1.0000","","Enabled","No","Catalog, Search","Yes","None","Бюстгальтер Push-up. MEY. Соблазнительное кружево. Чашечки на косточках, металлический логотип со стразом на перемычке. Удобный покрой спинки - отлично сидит.","","","","","","","","","","1.0000","0.0000","1","0","0","1","1.0000","1","0.0000","1","0","","0.0000","1","0","0","0","1","0.0000","1","0","0","0","1","Бюстгальтер Push-up","0","simple","","",""
"admin","base","Default","simple","3,6","7193155","0","Бюстгальтер","","","/c/5/c5560b20-255653.jpg","/c/5/c5560b20-255653.jpg","/c/5/c5560b20-255653.jpg","bjustgal-ter","bjustgal-ter-93.html","","No layout updates","","","","","","","Use config","No","1899.0000","","1.0000","","Enabled","No","Catalog, Search","Yes","None","Бюстгальтер. PASSIONATA. Мягкие чашечки, украшенные тюлем, незаметен под одеждой! Двойные бретели, украшенные декоративной бабочкой. Легкий, ""дышащий"", быстросохнущий материал.","","","","","","","","","","1.0000","0.0000","1","0","0","1","1.0000","1","0.0000","1","0","","0.0000","1","0","0","0","1","0.0000","1","0","0","0","1","Бюстгальтер","0","simple","","",""
"admin","base","Default","simple","3,6","7193262","0","Бюстгальтер-минимайзер","","","/0/d/0d916274-257450.jpg","/0/d/0d916274-257450.jpg","/0/d/0d916274-257450.jpg","bjustgal-ter-minimajzer","bjustgal-ter-minimajzer.html","","No layout updates","","","","","","","Use config","No","799.0000","","1.0000","","Enabled","No","Catalog, Search","Yes","None","Бюстгальтер-минимайзер. На косточках. Специальный покрой визуально делает грудь меньше. Благородное кружево, мягкие бретели с отделкой для оптимального комфорта.","","","","","","","","","","1.0000","0.0000","1","0","0","1","1.0000","1","0.0000","1","0","","0.0000","1","0","0","0","1","0.0000","1","0","0","0","1","Бюстгальтер-минимайзер","0","simple","","",""
"admin","base","Default","simple","3,11","7193573","0","Корсет","","","/2/5/25615e8b-257789.jpg","/2/5/25615e8b-257789.jpg","/2/5/25615e8b-257789.jpg","korset","korset.html","","No layout updates","","","","","","","Use config","No","1299.0000","","1.0000","","Enabled","No","Catalog, Search","Yes","None","Корсет. Невероятный моделирующий и поддерживающий эффект! Спереди застегивается на крючки, регулируемые бретели. Отлично сидит благодаря силиконовой ленте внизу. Можно носить вместе с бюстгальтером Push-up!","","","","","","","","","","1.0000","0.0000","1","0","0","1","1.0000","1","0.0000","1","0","","0.0000","1","0","0","0","1","0.0000","1","0","0","0","1","Корсет","0","simple","","",""
"admin","base","Default","simple","3,6","7193616","0","Бюстгальтер, 2 штуки","","","/b/0/b0099811-257834.jpg","/b/0/b0099811-257834.jpg","/b/0/b0099811-257834.jpg","bjustgal-ter-2-shtuki","bjustgal-ter-2-shtuki.html","","No layout updates","","","","","","","Use config","No","899.0000","","1.0000","","Enabled","No","Catalog, Search","Yes","None","Бюстгальтер, 2 штуки. На косточках. 1х белый с привлекательной вышивкой черно-белого цвета и 1х с однотонной вышивкой на чашечках. Мягкие бретели снимают нагрузку с плеч.","","","","","","","","","","1.0000","0.0000","1","0","0","1","1.0000","1","0.0000","1","0","","0.0000","1","0","0","0","1","0.0000","1","0","0","0","1","Бюстгальтер, 2 штуки","0","simple","","",""
"admin","base","Default","simple","3,5","7193679","0","Шортики, 4 штуки","","","/1/2/12590b7a-257900.jpg","/1/2/12590b7a-257900.jpg","/1/2/12590b7a-257900.jpg","shortiki-4-shtuki","shortiki-4-shtuki.html","","No layout updates","","","","","","","Use config","No","799.0000","","1.0000","","Enabled","No","Catalog, Search","Yes","None","Шортики, 4 штуки. Завышенная линия талии. В наборе: 2х с цветочным рисунком + 1х черный + 1х красный.","","","","","","","","","","1.0000","0.0000","1","0","0","1","1.0000","1","0.0000","1","0","","0.0000","1","0","0","0","1","0.0000","1","0","0","0","1","Шортики, 4 штуки","0","simple","","",""
"admin","base","Default","simple","3,6","7193696","0","Бюстгальтер","","","/3/9/39571335-257918.jpg","/3/9/39571335-257918.jpg","/3/9/39571335-257918.jpg","bjustgal-ter","bjustgal-ter-94.html","","No layout updates","","","","","","","Use config","No","799.0000","","1.0000","","Enabled","No","Catalog, Search","Yes","None","Бюстгальтер. На косточках, уплотненные чашечки. Бретели украшены стразами.","","","","","","","","","","1.0000","0.0000","1","0","0","1","1.0000","1","0.0000","1","0","","0.0000","1","0","0","0","1","0.0000","1","0","0","0","1","Бюстгальтер","0","simple","","",""
"admin","base","Default","simple","3,6","7193718","0","Бюстгальтер, 3 штуки","","","/3/d/3d6badf7-257943.jpg","/3/d/3d6badf7-257943.jpg","/3/d/3d6badf7-257943.jpg","bjustgal-ter-3-shtuki","bjustgal-ter-3-shtuki.html","","No layout updates","","","","","","","Use config","No","699.0000","","1.0000","","Enabled","No","Catalog, Search","Yes","None","Бюстгальтер, 3 штуки. Без косточек, бесшовные чашечки. В комплекте: 2х белый + 1х голубой, или 1х цвет баклажана + 2х черный, или 1х черный + 1х белый + 1х красный.","","","","","","","","","","1.0000","0.0000","1","0","0","1","1.0000","1","0.0000","1","0","","0.0000","1","0","0","0","1","0.0000","1","0","0","0","1","Бюстгальтер, 3 штуки","0","simple","","",""
"admin","base","Default","simple","3,5","7193800","0","Трусики, 4 штуки","","","/d/b/dbef5274-258033.jpg","/d/b/dbef5274-258033.jpg","/d/b/dbef5274-258033.jpg","trusiki-4-shtuki","trusiki-4-shtuki.html","","No layout updates","","","","","","","Use config","No","599.0000","","1.0000","","Enabled","No","Catalog, Search","Yes","None","Трусики, 4 штуки. Цветочная вышивка. В комплекте: 1х лавандовый + 1х розовый + 1х светло-желтый + 1х абрикосовый.","","","","","","","","","","1.0000","0.0000","1","0","0","1","1.0000","1","0.0000","1","0","","0.0000","1","0","0","0","1","0.0000","1","0","0","0","1","Трусики, 4 штуки","0","simple","","",""
"admin","base","Default","simple","3,11","7194195","0","Моделирующее боди","","","/0/4/0419d622-258456.jpg","/0/4/0419d622-258456.jpg","/0/4/0419d622-258456.jpg","modelirujuschee-bodi","modelirujuschee-bodi.html","","No layout updates","","","","","","","Use config","No","999.0000","","1.0000","","Enabled","No","Catalog, Search","Yes","None","Моделирующее боди. Создает привлекательный силуэт. На косточках, бесшовные чашечки, комфортные мягкие бретели. Поддерживающие косточки сбоку. Застежка на спинке, внизу на крючках.","","","","","","","","","","1.0000","0.0000","1","0","0","1","1.0000","1","0.0000","1","0","","0.0000","1","0","0","0","1","0.0000","1","0","0","0","1","Моделирующее боди","0","simple","","",""
"admin","base","Default","simple","3,11","7194254","0","Моделирующий топ","","","/b/f/bfed314e-258518.jpg","/b/f/bfed314e-258518.jpg","/b/f/bfed314e-258518.jpg","modelirujuschij-top","modelirujuschij-top.html","","No layout updates","","","","","","","Use config","No","999.0000","","1.0000","","Enabled","No","Catalog, Search","Yes","None","Моделирующий топ. Создает очаровательный силуэт, визуально моделирует область живота и талии.","","","","","","","","","","1.0000","0.0000","1","0","0","1","1.0000","1","0.0000","1","0","","0.0000","1","0","0","0","1","0.0000","1","0","0","0","1","Моделирующий топ","0","simple","","",""
"admin","base","Default","simple","","7194310","0","Спортивный бюстгальтер","","","/0/6/06c675c4-258576.jpg","/0/6/06c675c4-258576.jpg","/0/6/06c675c4-258576.jpg","sportivnyj-bjustgal-ter","sportivnyj-bjustgal-ter.html","","No layout updates","","","","","","","Use config","No","999.0000","","1.0000","","Enabled","No","Catalog, Search","Yes","None","Спортивный бюстгальтер. Без косточек, бесшовные чашечки, комфортная незаметная резинка под грудью. Застежка на спинке, регулируемые бретели на подкладке из хлопка.","","","","","","","","","","1.0000","0.0000","1","0","0","1","1.0000","1","0.0000","1","0","","0.0000","1","0","0","0","1","0.0000","1","0","0","0","1","Спортивный бюстгальтер","0","simple","","",""
"admin","base","Default","simple","3,6","7194330","0","Бюстгальтер, 2 штуки","","","/1/b/1b499f4b-258600.jpg","/1/b/1b499f4b-258600.jpg","/1/b/1b499f4b-258600.jpg","bjustgal-ter-2-shtuki","bjustgal-ter-2-shtuki-82.html","","No layout updates","","","","","","","Use config","No","699.0000","","1.0000","","Enabled","No","Catalog, Search","Yes","None","Бюстгальтер, 2 штуки. На косточках. Спереди и на бретелях великолепное кружево.","","","","","","","","","","1.0000","0.0000","1","0","0","1","1.0000","1","0.0000","1","0","","0.0000","1","0","0","0","1","0.0000","1","0","0","0","1","Бюстгальтер, 2 штуки","0","simple","","",""
"admin","base","Default","simple","3,4","7194830","0","Боди","","","/7/3/73d57b06-259144.jpg","/7/3/73d57b06-259144.jpg","/7/3/73d57b06-259144.jpg","bodi","bodi-54.html","","No layout updates","","","","","","","Use config","No","999.0000","","1.0000","","Enabled","No","Catalog, Search","Yes","None","Женское белье боди. На косточках, полупрозрачное кружево, уплотненные чашечки, вставки спереди, на спинке и по бокам из блестящего материала.","","","","","","","","","","1.0000","0.0000","1","0","0","1","1.0000","1","0.0000","1","0","","0.0000","1","0","0","0","1","0.0000","1","0","0","0","1","Боди","0","simple","","",""
"admin","base","Default","simple","3,6","7194939","0","Бюстгальтер, 3 штуки","","","/a/5/a51926c1-259263.jpg","/a/5/a51926c1-259263.jpg","/a/5/a51926c1-259263.jpg","bjustgal-ter-3-shtuki","bjustgal-ter-3-shtuki-53.html","","No layout updates","","","","","","","Use config","No","799.0000","","1.0000","","Enabled","No","Catalog, Search","Yes","None","Бюстгальтер, 3 штуки. На косточках, отстрочка, без подкладки. Эластичное кружево.","","","","","","","","","","1.0000","0.0000","1","0","0","1","1.0000","1","0.0000","1","0","","0.0000","1","0","0","0","1","0.0000","1","0","0","0","1","Бюстгальтер, 3 штуки","0","simple","","",""
"admin","base","Default","simple","3,5","7196128","0","Трусики Buffalo","","","/a/8/a8de14c3-260693.jpg","/a/8/a8de14c3-260693.jpg","/a/8/a8de14c3-260693.jpg","trusiki-buffalo","trusiki-buffalo.html","","No layout updates","","","","","","","Use config","No","399.0000","","1.0000","","Enabled","No","Catalog, Search","Yes","None","Трусики. Спереди 2 декоративных пуговицы.","","","","","","","","","","1.0000","0.0000","1","0","0","1","1.0000","1","0.0000","1","0","","0.0000","1","0","0","0","1","0.0000","1","0","0","0","1","Трусики Buffalo","0","simple","","",""
"admin","base","Default","simple","3,6","7196182","0","Бюстгальтер Lascana","","","/b/f/bfa1f545-260749.jpg","/b/f/bfa1f545-260749.jpg","/b/f/bfa1f545-260749.jpg","bjustgal-ter-lascana","bjustgal-ter-lascana.html","","No layout updates","","","","","","","Use config","No","1199.0000","","1.0000","","Enabled","No","Catalog, Search","Yes","None","Бюстгальтер на косточках. LASCANA. В модную полоску. Из сеточки-меш. Верх чашечек отделан контрастной декоративной лентой и кружевом. Красивая отделка бретелей. По бокам вставки из материала Microtouch. Регулируемые бретели и застежка сзади.","","","","","","","","","","1.0000","0.0000","1","0","0","1","1.0000","1","0.0000","1","0","","0.0000","1","0","0","0","1","0.0000","1","0","0","0","1","Бюстгальтер Lascana","0","simple","","",""
"admin","base","Default","simple","3,5","7196189","0","Стринги Buffalo","","","/0/7/07ebd0be-260756.jpg","/0/7/07ebd0be-260756.jpg","/0/7/07ebd0be-260756.jpg","stringi-buffalo","stringi-buffalo.html","","No layout updates","","","","","","","Use config","No","299.0000","","1.0000","","Enabled","No","Catalog, Search","Yes","None","Стринги. Спереди 2 декоративных пуговицы. Эластичный пояс.","","","","","","","","","","1.0000","0.0000","1","0","0","1","1.0000","1","0.0000","1","0","","0.0000","1","0","0","0","1","0.0000","1","0","0","0","1","Стринги Buffalo","0","simple","","",""
"admin","base","Default","simple","3,6","7196195","0","Бюстгальтер Push-up Lascana","","","/c/a/ca1a49d4-260762.jpg","/c/a/ca1a49d4-260762.jpg","/c/a/ca1a49d4-260762.jpg","bjustgal-ter-push-up-lascana","bjustgal-ter-push-up-lascana-59.html","","No layout updates","","","","","","","Use config","No","1299.0000","","1.0000","","Enabled","No","Catalog, Search","Yes","None","Бюстгальтер Push-up. Втачные подушечки для великолепного декольте. Чашечки присборены внизу. По бокам и на перемычке жаккардовое кружево.","","","","","","","","","","1.0000","0.0000","1","0","0","1","1.0000","1","0.0000","1","0","","0.0000","1","0","0","0","1","0.0000","1","0","0","0","1","Бюстгальтер Push-up Lascana","0","simple","","",""
"admin","base","Default","simple","3,10","7196230","0","Комплект:","","","/8/e/8e849635-260798.jpg","/8/e/8e849635-260798.jpg","/8/e/8e849635-260798.jpg","komplekt","komplekt.html","","No layout updates","","","","","","","Use config","No","799.0000","","1.0000","","Enabled","No","Catalog, Search","Yes","None","Комплект: бюстгальтер Push-up и стринги. FLASHLIGHTS. С очаровательным рисунком ""Звезды"". Чашечки и проймы спереди отделаны кружевом. Съемные подушечки.","","","","","","","","","","1.0000","0.0000","1","0","0","1","1.0000","1","0.0000","1","0","","0.0000","1","0","0","0","1","0.0000","1","0","0","0","1","Комплект:","0","simple","","",""
"admin","base","Default","simple","3,6","7196300","0","Бюстгальтер Lascana","","","/c/a/ca1a49d4-260871.jpg","/c/a/ca1a49d4-260871.jpg","/c/a/ca1a49d4-260871.jpg","bjustgal-ter-lascana","bjustgal-ter-lascana-65.html","","No layout updates","","","","","","","Use config","No","1299.0000","","1.0000","","Enabled","No","Catalog, Search","Yes","None","Бюстгальтер с мягкими чашечками. Чашечки украшены вставками из кружева.","","","","","","","","","","1.0000","0.0000","1","0","0","1","1.0000","1","0.0000","1","0","","0.0000","1","0","0","0","1","0.0000","1","0","0","0","1","Бюстгальтер Lascana","0","simple","","",""
"admin","base","Default","simple","3,5","7196346","0","Стринги","","","/f/6/f6b6002c-260917.jpg","/f/6/f6b6002c-260917.jpg","/f/6/f6b6002c-260917.jpg","stringi","stringi.html","","No layout updates","","","","","","","Use config","No","299.0000","","1.0000","","Enabled","No","Catalog, Search","Yes","None","Стринги. Пояс из мягкого, эластичного кружева.","","","","","","","","","","1.0000","0.0000","1","0","0","1","1.0000","1","0.0000","1","0","","0.0000","1","0","0","0","1","0.0000","1","0","0","0","1","Стринги","0","simple","","",""
"admin","base","Default","simple","3,6","7196493","0","Бюстгальтер, 2 штуки NUANCE","","","/2/b/2be6d397-261077.jpg","/2/b/2be6d397-261077.jpg","/2/b/2be6d397-261077.jpg","bjustgal-ter-2-shtuki-nuance","bjustgal-ter-2-shtuki-nuance.html","","No layout updates","","","","","","","Use config","No","999.0000","","1.0000","","Enabled","No","Catalog, Search","Yes","None","Бюстгальтер, 2 штуки. NUANCE. Бесшовные чашечки без косточек. Верх чашечек украшен модным материалом в полоску. Мягкие бретели на подкладке для наилучшей поддержки. Регулируемые бретели и застежка сзади.","","","","","","","","","","1.0000","0.0000","1","0","0","1","1.0000","1","0.0000","1","0","","0.0000","1","0","0","0","1","0.0000","1","0","0","0","1","Бюстгальтер, 2 штуки NUANCE","0","simple","","",""
"admin","base","Default","simple","3,6","7196602","0","Бюстгальтер Lascana","","","/2/e/2e6c3129-261190.jpg","/2/e/2e6c3129-261190.jpg","/2/e/2e6c3129-261190.jpg","bjustgal-ter-lascana","bjustgal-ter-lascana-66.html","","No layout updates","","","","","","","Use config","No","1699.0000","","1.0000","","Enabled","No","Catalog, Search","Yes","None","Бюстгальтер с мягкими чашечками. LASCANA. Из нежной сеточки в горошек. Красивая отделка бретелей. Регулируемые бретели и застежка сзади.","","","","","","","","","","1.0000","0.0000","1","0","0","1","1.0000","1","0.0000","1","0","","0.0000","1","0","0","0","1","0.0000","1","0","0","0","1","Бюстгальтер Lascana","0","simple","","",""
"admin","base","Default","simple","3,6","7196625","0","Бюстгальтер Lascana","","","/d/f/df509bc1-261213.jpg","/d/f/df509bc1-261213.jpg","/d/f/df509bc1-261213.jpg","bjustgal-ter-lascana","bjustgal-ter-lascana-67.html","","No layout updates","","","","","","","Use config","No","1299.0000","","1.0000","","Enabled","No","Catalog, Search","Yes","None","Бюстгальтер с мягкими чашечками. LASCANA. Спереди отделка жаккардовым кружевом. Мягкие бретели на подкладке для наибольшего комфорта. Регулируемые бретели и застежка сзади. Мягкий материал.","","","","","","","","","","1.0000","0.0000","1","0","0","1","1.0000","1","0.0000","1","0","","0.0000","1","0","0","0","1","0.0000","1","0","0","0","1","Бюстгальтер Lascana","0","simple","","",""
"admin","base","Default","simple","3,6","7196699","0","Бюстгальтер, 2 штуки PETITE FLEUR","","","/e/c/ec7859e2-261289.jpg","/e/c/ec7859e2-261289.jpg","/e/c/ec7859e2-261289.jpg","bjustgal-ter-2-shtuki-petite-fleur","bjustgal-ter-2-shtuki-petite-fleur-91.html","","No layout updates","","","","","","","Use config","No","999.0000","","1.0000","","Enabled","No","Catalog, Search","Yes","None","Бюстгальтер, 2 штуки. PETITE FLEUR. Бесшовные чашечки без косточек. Очаровательная окантовка. Регулируемые бретели и застежка сзади. Высококачественный материал.","","","","","","","","","","1.0000","0.0000","1","0","0","1","1.0000","1","0.0000","1","0","","0.0000","1","0","0","0","1","0.0000","1","0","0","0","1","Бюстгальтер, 2 штуки PETITE FLEUR","0","simple","","",""
"admin","base","Default","simple","3,6","7196913","0","Бюстгальтер","","","/3/8/38e9760c-261519.jpg","/3/8/38e9760c-261519.jpg","/3/8/38e9760c-261519.jpg","bjustgal-ter","bjustgal-ter-95.html","","No layout updates","","","","","","","Use config","No","799.0000","","1.0000","","Enabled","No","Catalog, Search","Yes","None","Бюстгальтер на косточках. Чашечки из прозрачной сеточки, украшены великолепной вышивкой.","","","","","","","","","","1.0000","0.0000","1","0","0","1","1.0000","1","0.0000","1","0","","0.0000","1","0","0","0","1","0.0000","1","0","0","0","1","Бюстгальтер","0","simple","","",""
"admin","base","Default","simple","3,5","7196986","0","Трусики","","","/5/8/584c5911-261600.jpg","/5/8/584c5911-261600.jpg","/5/8/584c5911-261600.jpg","trusiki","trusiki-112.html","","No layout updates","","","","","","","Use config","No","499.0000","","1.0000","","Enabled","No","Catalog, Search","Yes","None","Трусики. Пояс украшен кружевом спереди.","","","","","","","","","","1.0000","0.0000","1","0","0","1","1.0000","1","0.0000","1","0","","0.0000","1","0","0","0","1","0.0000","1","0","0","0","1","Трусики","0","simple","","",""
"admin","base","Default","simple","3,5","7197553","0","Трусики","","","/2/8/28189d0b-262222.jpg","/2/8/28189d0b-262222.jpg","/2/8/28189d0b-262222.jpg","trusiki","trusiki-113.html","","No layout updates","","","","","","","Use config","No","499.0000","","1.0000","","Enabled","No","Catalog, Search","Yes","None","Трусики. Спереди отделка кружевом и декоративная жемчужина, полупрозрачный материал.","","","","","","","","","","1.0000","0.0000","1","0","0","1","1.0000","1","0.0000","1","0","","0.0000","1","0","0","0","1","0.0000","1","0","0","0","1","Трусики","0","simple","","",""
"admin","base","Default","simple","3,5","7197581","0","Трусики","","","/c/5/c57466c3-262284.jpg","/c/5/c57466c3-262284.jpg","/c/5/c57466c3-262284.jpg","trusiki","trusiki-114.html","","No layout updates","","","","","","","Use config","No","599.0000","","1.0000","","Enabled","No","Catalog, Search","Yes","None","Трусики. Спереди из полупрозрачного материала, отделка кружевом.","","","","","","","","","","1.0000","0.0000","1","0","0","1","1.0000","1","0.0000","1","0","","0.0000","1","0","0","0","1","0.0000","1","0","0","0","1","Трусики","0","simple","","",""
"admin","base","Default","simple","3,6","7197716","0","Бюстгальтер-минимайзер NUANCE","","","/7/7/77de69ec-262440.jpg","/7/7/77de69ec-262440.jpg","/7/7/77de69ec-262440.jpg","bjustgal-ter-minimajzer-nuance","bjustgal-ter-minimajzer-nuance.html","","No layout updates","","","","","","","Use config","No","699.0000","","1.0000","","Enabled","No","Catalog, Search","Yes","None","Бюстгальтер-минимайзер. NUANCE. Стильный рисунок. Великолепный покрой - для красивого декольте. Визуально увеличивает грудь. Спереди очаровательные вставки из сеточки. Регулируемые бретели и застежка сзади.","","","","","","","","","","1.0000","0.0000","1","0","0","1","1.0000","1","0.0000","1","0","","0.0000","1","0","0","0","1","0.0000","1","0","0","0","1","Бюстгальтер-минимайзер NUANCE","0","simple","","",""
"admin","base","Default","simple","3,6","7490601","0","Бюстгальтер на косточках NUANCE","","","/2/6/26f5c123-190949.jpg","/2/6/26f5c123-190949.jpg","/2/6/26f5c123-190949.jpg","bjustgal-ter-na-kostochkah-nuance","bjustgal-ter-na-kostochkah-nuance.html","","No layout updates","","","","","","","Use config","No","699.0000","","1.0000","","Enabled","No","Catalog, Search","Yes","None","Бюстгальтер NUANCE. С формирующими косточками и бесшовными чашечками. Расшитые прозрачные бретели. Ручная стирка.","","","","","","","","","","1.0000","0.0000","1","0","0","1","1.0000","1","0.0000","1","0","","0.0000","1","0","0","0","1","0.0000","1","0","0","0","1","Бюстгальтер на косточках NUANCE","0","simple","","",""
"admin","base","Default","simple","3,6","7490647","0","Бюстгальтер на косточках NUANCE","","","/2/1/2171be50-228366.jpg","/2/1/2171be50-228366.jpg","/2/1/2171be50-228366.jpg","bjustgal-ter-na-kostochkah-nuance","bjustgal-ter-na-kostochkah-nuance-100.html","","No layout updates","","","","","","","Use config","No","799.0000","","1.0000","","Enabled","No","Catalog, Search","Yes","None","Бюстгальтер на косточках NUANCE. Двухцветное кружево и прозрачные вставки. 2 цвета. Регулируемые бретели и застежка.","","","","","","","","","","1.0000","0.0000","1","0","0","1","1.0000","1","0.0000","1","0","","0.0000","1","0","0","0","1","0.0000","1","0","0","0","1","Бюстгальтер на косточках NUANCE","0","simple","","",""
"admin","base","Default","simple","3,10","7490792","0","Бюстгальтер, 3 штуки PETITE FLEUR","","","/d/0/d0c06395-235542.jpg","/d/0/d0c06395-235542.jpg","/d/0/d0c06395-235542.jpg","bjustgal-ter-3-shtuki-petite-fleur","bjustgal-ter-3-shtuki-petite-fleur.html","","No layout updates","","","","","","","Use config","No","1299.0000","","1.0000","","Enabled","No","Catalog, Search","Yes","None","Бюстгальтер, 3 штуки. PETITE FLEUR. Бесшовные чашечки. Широкий эластичный край с логотипом ""Petite Fleur"". Бретели и застежка сзади регулируются.","","","","","","","","","","1.0000","0.0000","1","0","0","1","1.0000","1","0.0000","1","0","","0.0000","1","0","0","0","1","0.0000","1","0","0","0","1","Бюстгальтер, 3 штуки PETITE FLEUR","0","simple","","",""
"admin","base","Default","simple","3,5","7491150","0","Трусики, 4 штуки GO IN","","","/3/7/37647b09-239515.jpg","/3/7/37647b09-239515.jpg","/3/7/37647b09-239515.jpg","trusiki-4-shtuki-go-in","trusiki-4-shtuki-go-in.html","","No layout updates","","","","","","","Use config","No","699.0000","","1.0000","","Enabled","No","Catalog, Search","Yes","None","Трусики из микрофазера, 4 штуки.","","","","","","","","","","1.0000","0.0000","1","0","0","1","1.0000","1","0.0000","1","0","","0.0000","1","0","0","0","1","0.0000","1","0","0","0","1","Трусики, 4 штуки GO IN","0","simple","","",""
"admin","base","Default","simple","3,6","7491222","0","Бюстгальтер Push-up FLASHLIGHTS","","","/3/7/374af543-240204.jpg","/3/7/374af543-240204.jpg","/3/7/374af543-240204.jpg","bjustgal-ter-push-up-flashlights","bjustgal-ter-push-up-flashlights.html","","No layout updates","","","","","","","Use config","No","499.0000","","1.0000","","Enabled","No","Catalog, Search","Yes","None","Бюстгальтер Push-up со съемными подушечками и привлекательными декоративными сатиновыми ленточками на чашечках. Восхитительное сочетание 2-х цветов и сексуального кружева! Ручная стирка.","","","","","","","","","","1.0000","0.0000","1","0","0","1","1.0000","1","0.0000","1","0","","0.0000","1","0","0","0","1","0.0000","1","0","0","0","1","Бюстгальтер Push-up FLASHLIGHTS","0","simple","","",""
"admin","base","Default","simple","3,5","7491305","0","Трусики, 5 штук SO BIN ICH","","","/2/b/2b957561-241992.jpg","/2/b/2b957561-241992.jpg","/2/b/2b957561-241992.jpg","trusiki-5-shtuk-so-bin-ich","trusiki-5-shtuk-so-bin-ich.html","","No layout updates","","","","","","","Use config","No","399.0000","","1.0000","","Enabled","No","Catalog, Search","Yes","None","Трусики на талии, 5 штук в упаковке. Эластичный материал: 95% хлопок, 5% эластан. Машинная стирка.","","","","","","","","","","1.0000","0.0000","1","0","0","1","1.0000","1","0.0000","1","0","","0.0000","1","0","0","0","1","0.0000","1","0","0","0","1","Трусики, 5 штук SO BIN ICH","0","simple","","",""
"admin","base","Default","simple","3,5","7491336","0","Формирующие трусики, 3 штуки PETITE FLEUR","","","/b/c/bc54130b-242963.jpg","/b/c/bc54130b-242963.jpg","/b/c/bc54130b-242963.jpg","formirujuschie-trusiki-3-shtuki-petite-fleur","formirujuschie-trusiki-3-shtuki-petite-fleur.html","","No layout updates","","","","","","","Use config","No","999.0000","","1.0000","","Enabled","No","Catalog, Search","Yes","None","Формирующие трусики, 3 штуки PETITE FLEUR. Спереди красивое кружево. Благодаря сеточке с усилением (90% полиамид, 10% эластан) визуально моделируют проблемные зоны.","","","","","","","","","","1.0000","0.0000","1","0","0","1","1.0000","1","0.0000","1","0","","0.0000","1","0","0","0","1","0.0000","1","0","0","0","1","Формирующие трусики, 3 штуки PETITE FLEUR","0","simple","","",""
"admin","base","Default","simple","3,5","7491358","0","Формирующие трусики от PETITE FLEUR, 3 штуки PETITE FLEUR","","","/2/3/232512f8-243494.jpg","/2/3/232512f8-243494.jpg","/2/3/232512f8-243494.jpg","formirujuschie-trusiki-ot-petite-fleur-3-shtuki-petite-fleur","formirujuschie-trusiki-ot-petite-fleur-3-shtuki-petite-fleur.html","","No layout updates","","","","","","","Use config","No","1199.0000","","1.0000","","Enabled","No","Catalog, Search","Yes","None","Формирующие трусики, 3 шт. PETITE FLEUR. Благодаря сеточке с усилением (90% полиамид, 10% эластан) визуально моделируют проблемные зоны. На поясе надпись PETITE FLEUR.","","","","","","","","","","1.0000","0.0000","1","0","0","1","1.0000","1","0.0000","1","0","","0.0000","1","0","0","0","1","0.0000","1","0","0","0","1","Формирующие трусики от PETITE FLEUR, 3 штуки PETITE FLEUR","0","simple","","",""
"admin","base","Default","simple","3,6","7491549","0","Бюстгальтер","","","/b/6/b603aa76-247324.jpg","/b/6/b603aa76-247324.jpg","/b/6/b603aa76-247324.jpg","bjustgal-ter","bjustgal-ter-96.html","","No layout updates","","","","","","","Use config","No","3499.0000","","1.0000","","Enabled","No","Catalog, Search","Yes","None","Бюстгальтер. Chantelle. Низкий вырез декольте создает невероятно соблазнительные формы. Легкие чашечки, косточки на подкладке. Подходит для моделей с глубоким вырезом.","","","","","","","","","","1.0000","0.0000","1","0","0","1","1.0000","1","0.0000","1","0","","0.0000","1","0","0","0","1","0.0000","1","0","0","0","1","Бюстгальтер","0","simple","","",""
"admin","base","Default","simple","3,6","7491704","0","Бюстгальтер, 2 штуки","","","/8/7/8727ac1c-251834.jpg","/8/7/8727ac1c-251834.jpg","/8/7/8727ac1c-251834.jpg","bjustgal-ter-2-shtuki","bjustgal-ter-2-shtuki-83.html","","No layout updates","","","","","","","Use config","No","799.0000","","1.0000","","Enabled","No","Catalog, Search","Yes","None","Бюстгальтер, 2 штуки.Без косточек, чашечки и бретели украшены вышивкой.","","","","","","","","","","1.0000","0.0000","1","0","0","1","1.0000","1","0.0000","1","0","","0.0000","1","0","0","0","1","0.0000","1","0","0","0","1","Бюстгальтер, 2 штуки","0","simple","","",""
"admin","base","Default","simple","3,6","7491788","0","Бюстгальтер, 2 штуки","","","/e/a/ea4726ec-252303.jpg","/e/a/ea4726ec-252303.jpg","/e/a/ea4726ec-252303.jpg","bjustgal-ter-2-shtuki","bjustgal-ter-2-shtuki-84.html","","No layout updates","","","","","","","Use config","No","799.0000","","1.0000","","Enabled","No","Catalog, Search","Yes","None","Бюстгальтер, 2 штуки. Без косточек. Принт спереди и сзади, мягкие бретели.","","","","","","","","","","1.0000","0.0000","1","0","0","1","1.0000","1","0.0000","1","0","","0.0000","1","0","0","0","1","0.0000","1","0","0","0","1","Бюстгальтер, 2 штуки","0","simple","","",""
"admin","base","Default","simple","3,5","7491830","0","Трусики, 3 штуки PETITE FLEUR","","","/1/8/18ac4d98-252486.jpg","/1/8/18ac4d98-252486.jpg","/1/8/18ac4d98-252486.jpg","trusiki-3-shtuki-petite-fleur","trusiki-3-shtuki-petite-fleur.html","","No layout updates","","","","","","","Use config","No","899.0000","","1.0000","","Enabled","No","Catalog, Search","Yes","None","Трусики, 3 штуки. PETITE FLEUR. Модное кружево. 3 штуки или 6 штук.","","","","","","","","","","1.0000","0.0000","1","0","0","1","1.0000","1","0.0000","1","0","","0.0000","1","0","0","0","1","0.0000","1","0","0","0","1","Трусики, 3 штуки PETITE FLEUR","0","simple","","",""
"admin","base","Default","simple","","7492833","0","Спортивный бюстгальтер","","","/6/b/6bf79185-262283.jpg","/6/b/6bf79185-262283.jpg","/6/b/6bf79185-262283.jpg","sportivnyj-bjustgal-ter","sportivnyj-bjustgal-ter-82.html","","No layout updates","","","","","","","Use config","No","1099.0000","","1.0000","","Enabled","No","Catalog, Search","Yes","None","Спортивный бюстгальтер. Без косточек. Материал „Coolplus“ выводит лишнюю влагу, быстро высыхает, ""дышит"", очень приятный для тела и удобный в уходе. Под грудью с внутренней стороны лента из махровой ткани впитывает лишнюю влагу, бесшовные чашечки, мягкие регулируемые бретели. Застежка на спинке и дополнительная застежка спереди.","","","","","","","","","","1.0000","0.0000","1","0","0","1","1.0000","1","0.0000","1","0","","0.0000","1","0","0","0","1","0.0000","1","0","0","0","1","Спортивный бюстгальтер","0","simple","","",""
"admin","base","Default","simple","3,5","7590132","0","Трусики","","","/b/c/bcb7a900-262147.jpg","/b/c/bcb7a900-262147.jpg","/b/c/bcb7a900-262147.jpg","trusiki","trusiki-115.html","","No layout updates","","","","","","","Use config","No","499.0000","","1.0000","","Enabled","No","Catalog, Search","Yes","None","Трусики. Полупрозрачный материал, спереди отделка кружевом и небольшое украшение.","","","","","","","","","","1.0000","0.0000","1","0","0","1","1.0000","1","0.0000","1","0","","0.0000","1","0","0","0","1","0.0000","1","0","0","0","1","Трусики","0","simple","","",""
"admin","base","Default","simple","3,5","7903759","0","Трусики, 3 штуки Speidel","","","/8/d/8d702421-245469.jpg","/8/d/8d702421-245469.jpg","/8/d/8d702421-245469.jpg","trusiki-3-shtuki-speidel","trusiki-3-shtuki-speidel.html","","No layout updates","","","","","","","Use config","No","899.0000","","1.0000","","Enabled","No","Catalog, Search","Yes","None","Трусики,3 штуки. Тесьма по краям. Стойкий белый цвет.","","","","","","","","","","1.0000","0.0000","1","0","0","1","1.0000","1","0.0000","1","0","","0.0000","1","0","0","0","1","0.0000","1","0","0","0","1","Трусики, 3 штуки Speidel","0","simple","","",""
"admin","base","Default","simple","3,6","8006387","0","Бюстгальтер на косточках","","","/2/6/26157d71-233156.jpg","/2/6/26157d71-233156.jpg","/2/6/26157d71-233156.jpg","bjustgal-ter-na-kostochkah","bjustgal-ter-na-kostochkah.html","","No layout updates","","","","","","","Use config","No","699.0000","","1.0000","","Enabled","No","Catalog, Search","Yes","None","Бюстгальтер на косточках. Верхняя часть чашечек из эластичного кружева.","","","","","","","","","","1.0000","0.0000","1","0","0","1","1.0000","1","0.0000","1","0","","0.0000","1","0","0","0","1","0.0000","1","0","0","0","1","Бюстгальтер на косточках","0","simple","","",""
"admin","base","Default","simple","","8178483","0","Бюстье, 3 штуки Speidel","","","/6/3/6310acb7-245168.jpg","/6/3/6310acb7-245168.jpg","/6/3/6310acb7-245168.jpg","bjust-e-3-shtuki-speidel","bjust-e-3-shtuki-speidel.html","","No layout updates","","","","","","","Use config","No","1599.0000","","1.0000","","Enabled","No","Catalog, Search","Yes","None","Бюстье, 3 штуки. Небольшая аппликация и блестящая окантовка. Без боковых швов - незаметно под одеждой!","","","","","","","","","","1.0000","0.0000","1","0","0","1","1.0000","1","0.0000","1","0","","0.0000","1","0","0","0","1","0.0000","1","0","0","0","1","Бюстье, 3 штуки Speidel","0","simple","","",""
"admin","base","Default","simple","3,6","8321325","0","Бюстгальтер","","","/0/f/0fa5f158-252281.jpg","/0/f/0fa5f158-252281.jpg","/0/f/0fa5f158-252281.jpg","bjustgal-ter","bjustgal-ter-97.html","","No layout updates","","","","","","","Use config","No","799.0000","","1.0000","","Enabled","No","Catalog, Search","Yes","None","Бюстгальтер. На косточках. Слегка прозрачные чашечки, украшенные цветочной вышивкой.","","","","","","","","","","1.0000","0.0000","1","0","0","1","1.0000","1","0.0000","1","0","","0.0000","1","0","0","0","1","0.0000","1","0","0","0","1","Бюстгальтер","0","simple","","",""
"admin","base","Default","simple","3,5","8644292","0","Трусики","","","/d/b/dbecaa0f-255293.jpg","/d/b/dbecaa0f-255293.jpg","/d/b/dbecaa0f-255293.jpg","trusiki","trusiki-116.html","","No layout updates","","","","","","","Use config","No","799.0000","","1.0000","","Enabled","No","Catalog, Search","Yes","None","PLAYTEX. С жаккардовым рисунком. Плотный материал.","","","","","","","","","","1.0000","0.0000","1","0","0","1","1.0000","1","0.0000","1","0","","0.0000","1","0","0","0","1","0.0000","1","0","0","0","1","Трусики","0","simple","","",""
"admin","base","Default","simple","3,6","9031976","0","Бюстгальтер на косточках Lascana","","","/5/d/5d90cda5-228505.jpg","/5/d/5d90cda5-228505.jpg","/5/d/5d90cda5-228505.jpg","bjustgal-ter-na-kostochkah-lascana","bjustgal-ter-na-kostochkah-lascana-89.html","","No layout updates","","","","","","","Use config","No","999.0000","","1.0000","","Enabled","No","Catalog, Search","Yes","None","Кружевное нижнее белье LASCANA. Бюстгальтер на косточках. Регулируемые бретели и застежка сзади. Важная деталь: красивая двухцветная подвеска со стразами. Ручная стирка.","","","","","","","","","","1.0000","0.0000","1","0","0","1","1.0000","1","0.0000","1","0","","0.0000","1","0","0","0","1","0.0000","1","0","0","0","1","Бюстгальтер на косточках Lascana","0","simple","","",""
"admin","base","Default","simple","3,6","9032054","0","Бюстгальтер, 2 штуки PETITE FLEUR","","","/a/4/a49bdd7f-235728.jpg","/a/4/a49bdd7f-235728.jpg","/a/4/a49bdd7f-235728.jpg","bjustgal-ter-2-shtuki-petite-fleur","bjustgal-ter-2-shtuki-petite-fleur-92.html","","No layout updates","","","","","","","Use config","No","1199.0000","","1.0000","","Enabled","No","Catalog, Search","Yes","None","Бюстгальтер, 2 штуки PETITE FLEUR. На косточках. Мягкие чашечки. Бретель через шею и застежка сзади регулируются.","","","","","","","","","","1.0000","0.0000","1","0","0","1","1.0000","1","0.0000","1","0","","0.0000","1","0","0","0","1","0.0000","1","0","0","0","1","Бюстгальтер, 2 штуки PETITE FLEUR","0","simple","","",""
"admin","base","Default","simple","","9032091","0","Трусики, 2 штуки Lascana","","","/f/b/fbdd0d85-236162.jpg","/f/b/fbdd0d85-236162.jpg","/f/b/fbdd0d85-236162.jpg","trusiki-2-shtuki-lascana","trusiki-2-shtuki-lascana.html","","No layout updates","","","","","","","Use config","No","899.0000","","1.0000","","Enabled","No","Catalog, Search","Yes","None","Трусики, 2 штуки. LASCANA. Спереди бантик и небольшая сборка, сзади кружево.","","","","","","","","","","1.0000","0.0000","1","0","0","1","1.0000","1","0.0000","1","0","","0.0000","1","0","0","0","1","0.0000","1","0","0","0","1","Трусики, 2 штуки Lascana","0","simple","","",""
"admin","base","Default","simple","","9032231","0","Стринги s.Oliver","","","/4/6/465e2ea5-238593.jpg","/4/6/465e2ea5-238593.jpg","/4/6/465e2ea5-238593.jpg","stringi-s-oliver","stringi-s-oliver.html","","No layout updates","","","","","","","Use config","No","399.0000","","1.0000","","Enabled","No","Catalog, Search","Yes","None","Стринги. s.OLIVER Стринги. Из тонкой сетки и кружев.","","","","","","","","","","1.0000","0.0000","1","0","0","1","1.0000","1","0.0000","1","0","","0.0000","1","0","0","0","1","0.0000","1","0","0","0","1","Стринги s.Oliver","0","simple","","",""
"admin","base","Default","simple","3,5","9032384","0","Стринги s.Oliver","","","/4/8/48024635-243056.jpg","/4/8/48024635-243056.jpg","/4/8/48024635-243056.jpg","stringi-s-oliver","stringi-s-oliver-93.html","","No layout updates","","","","","","","Use config","No","399.0000","","1.0000","","Enabled","No","Catalog, Search","Yes","None","Стринги S.OLIVER. Женственный образ. Спереди нежное кружево, декоративные разрезы по бокам. Машинная стирка.","","","","","","","","","","1.0000","0.0000","1","0","0","1","1.0000","1","0.0000","1","0","","0.0000","1","0","0","0","1","0.0000","1","0","0","0","1","Стринги s.Oliver","0","simple","","",""
"admin","base","Default","simple","3,6","9032430","0","Бюстгальтер Push-up s.Oliver","","","/8/c/8c786ba9-244394.jpg","/8/c/8c786ba9-244394.jpg","/8/c/8c786ba9-244394.jpg","bjustgal-ter-push-up-s-oliver","bjustgal-ter-push-up-s-oliver.html","","No layout updates","","","","","","","Use config","No","699.0000","","1.0000","","Enabled","No","Catalog, Search","Yes","None","Бюстгальтер Push-up S.OLIVER. Женственный образ. Чашечки украшены нежным кружевом, удобные бретели. Спереди декоративный бантик. Ручная стирка. Материал: Microtouch, 95% полиэстер, 5% эластан.","","","","","","","","","","1.0000","0.0000","1","0","0","1","1.0000","1","0.0000","1","0","","0.0000","1","0","0","0","1","0.0000","1","0","0","0","1","Бюстгальтер Push-up s.Oliver","0","simple","","",""
"admin","base","Default","simple","3,6","9032951","0","Бюстгальтер без косточек NUANCE","","","/c/0/c07ea64e-255150.jpg","/c/0/c07ea64e-255150.jpg","/c/0/c07ea64e-255150.jpg","bjustgal-ter-bez-kostochek-nuance","bjustgal-ter-bez-kostochek-nuance.html","","No layout updates","","","","","","","Use config","No","999.0000","","1.0000","","Enabled","No","Catalog, Search","Yes","None","Бюстгальтер без косточек. NUANCE.Из комбинированного материала: красивого жаккарда и сказочно мягкого материала Microtouch. Благородный сливовый или нежный белый на выбор. Все модели отлично комбинируются! Бюстгальтеры с регулируемыми бретелями и застежками сзади. Элегантно! Отделка чашечек кружевом. Широкие бретели для наилучшей поддержки, также для больших размеров.","","","","","","","","","","1.0000","0.0000","1","0","0","1","1.0000","1","0.0000","1","0","","0.0000","1","0","0","0","1","0.0000","1","0","0","0","1","Бюстгальтер без косточек NUANCE","0","simple","","",""
"admin","base","Default","simple","3,5","9032952","0","Трусики NUANCE","","","/8/0/802195ac-255152.jpg","/8/0/802195ac-255152.jpg","/8/0/802195ac-255152.jpg","trusiki-nuance","trusiki-nuance.html","","No layout updates","","","","","","","Use config","No","499.0000","","1.0000","","Enabled","No","Catalog, Search","Yes","None","Трусики. NUANCE. Из комбинированного материала: красивого жаккарда и сказочно мягкого материала Microtouch. Благородный сливовый или нежный белый на выбор. Все модели отлично комбинируются! Трусики с хлопковой ластовицей. Вставка из кружева спереди.","","","","","","","","","","1.0000","0.0000","1","0","0","1","1.0000","1","0.0000","1","0","","0.0000","1","0","0","0","1","0.0000","1","0","0","0","1","Трусики NUANCE","0","simple","","",""
"admin","base","Default","simple","3,5","9032953","0","Трусики NUANCE","","","/1/0/1096c77b-255153.jpg","/1/0/1096c77b-255153.jpg","/1/0/1096c77b-255153.jpg","trusiki-nuance","trusiki-nuance-97.html","","No layout updates","","","","","","","Use config","No","599.0000","","1.0000","","Enabled","No","Catalog, Search","Yes","None","Трусики. NUANCE. Из комбинированного материала: красивого жаккарда и сказочно мягкого материала Microtouch. Благородный сливовый или нежный белый на выбор. Все модели отлично комбинируются! Трусики с хлопковой ластовицей. Спереди боковые вставки из кружева.","","","","","","","","","","1.0000","0.0000","1","0","0","1","1.0000","1","0.0000","1","0","","0.0000","1","0","0","0","1","0.0000","1","0","0","0","1","Трусики NUANCE","0","simple","","",""
"admin","base","Default","simple","3,6","9032955","0","Бюстгальтер на косточках, 2 штуки PETITE FLEUR","","","/4/5/45bbbb2c-255157.jpg","/4/5/45bbbb2c-255157.jpg","/4/5/45bbbb2c-255157.jpg","bjustgal-ter-na-kostochkah-2-shtuki-petite-fleur","bjustgal-ter-na-kostochkah-2-shtuki-petite-fleur.html","","No layout updates","","","","","","","Use config","No","999.0000","","1.0000","","Enabled","No","Catalog, Search","Yes","None","Бюстгальтер на косточках, 2 штуки. PETITE FLEUR. Бесшовные чашечки с красивой отделкой кружевом. Бретели и застежка сзади регулируются.","","","","","","","","","","1.0000","0.0000","1","0","0","1","1.0000","1","0.0000","1","0","","0.0000","1","0","0","0","1","0.0000","1","0","0","0","1","Бюстгальтер на косточках, 2 штуки PETITE FLEUR","0","simple","","",""
"admin","base","Default","simple","3,6","9032957","0","Бюстгальтер на косточках NUANCE","","","/7/c/7ccfb92a-255166.jpg","/7/c/7ccfb92a-255166.jpg","/7/c/7ccfb92a-255166.jpg","bjustgal-ter-na-kostochkah-nuance","bjustgal-ter-na-kostochkah-nuance-101.html","","No layout updates","","","","","","","Use config","No","999.0000","","1.0000","","Enabled","No","Catalog, Search","Yes","None","Бюстгальтер на косточках. NUANCE. Из комбинированного материала: красивого жаккарда и сказочно мягкого материала Microtouch. Благородный сливовый или нежный белый на выбор. Все модели отлично комбинируются! Бюстгальтеры с регулируемыми бретелями и застежками сзади. Очень красивая модель. Слегка прозрачный верх чашечек. Очаровательно декорированная перемычка.","","","","","","","","","","1.0000","0.0000","1","0","0","1","1.0000","1","0.0000","1","0","","0.0000","1","0","0","0","1","0.0000","1","0","0","0","1","Бюстгальтер на косточках NUANCE","0","simple","","",""
"admin","base","Default","simple","3,5","9033389","0","Трусики Lascana","","","/d/b/dba2e662-261317.jpg","/d/b/dba2e662-261317.jpg","/d/b/dba2e662-261317.jpg","trusiki-lascana","trusiki-lascana-100.html","","No layout updates","","","","","","","Use config","No","799.0000","","1.0000","","Enabled","No","Catalog, Search","Yes","None","Трусики. LASCANA. По бокам вставки из кружева. С хлопковой ластовицей. Отлично сочетаются с бюстгальтером из предложения 1.","","","","","","","","","","1.0000","0.0000","1","0","0","1","1.0000","1","0.0000","1","0","","0.0000","1","0","0","0","1","0.0000","1","0","0","0","1","Трусики Lascana","0","simple","","",""
"admin","base","Default","simple","3,5","9629030","0","Трусики","","","/7/7/7715115c-233170.jpg","/7/7/7715115c-233170.jpg","/7/7/7715115c-233170.jpg","trusiki","trusiki-117.html","","No layout updates","","","","","","","Use config","No","599.0000","","1.0000","","Enabled","No","Catalog, Search","Yes","None","Трусики. Спереди украшены роскошной вышивкой, сзади гладкие.","","","","","","","","","","1.0000","0.0000","1","0","0","1","1.0000","1","0.0000","1","0","","0.0000","1","0","0","0","1","0.0000","1","0","0","0","1","Трусики","0","simple","","",""
"admin","base","Default","simple","3,6","9629066","0","Бюстгальтер на косточках, 2 штуки PETITE FLEUR","","","/8/3/830f65cb-235274.jpg","/8/3/830f65cb-235274.jpg","/8/3/830f65cb-235274.jpg","bjustgal-ter-na-kostochkah-2-shtuki-petite-fleur","bjustgal-ter-na-kostochkah-2-shtuki-petite-fleur-102.html","","No layout updates","","","","","","","Use config","No","899.0000","","1.0000","","Enabled","No","Catalog, Search","Yes","None","Бюстгальтер на косточках, 2 штуки. Бретели и застежка сзади регулируются.","","","","","","","","","","1.0000","0.0000","1","0","0","1","1.0000","1","0.0000","1","0","","0.0000","1","0","0","0","1","0.0000","1","0","0","0","1","Бюстгальтер на косточках, 2 штуки PETITE FLEUR","0","simple","","",""
"admin","base","Default","simple","3,5","9629327","0","Стринги Lascana","","","/0/1/010f0f6e-238879.jpg","/0/1/010f0f6e-238879.jpg","/0/1/010f0f6e-238879.jpg","stringi-lascana","stringi-lascana-103.html","","No layout updates","Product Info Column","","",""," ","Use config","Use config","No","799.0000","","1.0000","","Enabled","No","Catalog, Search","Yes","None","Стринги. Широкий пояс из кружева с вышивкой. Небольшие разрезы с декоративными бантиками спереди.","","","","","","","","","","1.0000","0.0000","1","0","0","1","1.0000","1","0.0000","1","1","","0.0000","1","0","0","0","1","0.0000","1","0","0","0","1","Стринги Lascana","0","simple","","","aloe vera"
